dataset,metric,metric_label,variant,variant_label,mean,std,seeds,delta_vs_colbertv2,delta_vs_calibrated_hkvm,candidate_mean,candidate_delta_vs_colbertv2,candidate_delta_vs_calibrated_hkvm,candidate_vs_colbertv2_ci_low,candidate_vs_colbertv2_ci_high,candidate_vs_colbertv2_p_diff_le_0,candidate_vs_calibrated_hkvm_ci_low,candidate_vs_calibrated_hkvm_ci_high,candidate_vs_calibrated_hkvm_p_diff_le_0
musique,f1,F1,colbertv2,ColBERTv2,58.309321991876935,0.0,3,0.0,1.5556711093965916,65.07268965687213,6.763367664995194,8.319038774391785,5.790957861107174,7.726274984852882,0.0,7.327224397116886,9.293333792182327,0.0
musique,f1,F1,calibrated_hkvm_topk4,Learned HKVM calibration,56.75365088248034,0.24927685895406687,3,-1.5556711093965916,0.0,65.07268965687213,6.763367664995194,8.319038774391785,5.790957861107174,7.726274984852882,0.0,7.327224397116886,9.293333792182327,0.0
musique,f1,F1,quota_dense3_hkvm2,Quota dense3+HKVM2,59.12053352413239,0.07559561194243157,3,0.8112115322554558,2.3668826416520474,65.07268965687213,6.763367664995194,8.319038774391785,5.790957861107174,7.726274984852882,0.0,7.327224397116886,9.293333792182327,0.0
musique,f1,F1,quota_dense4_hkvm1,Quota dense4+HKVM1,58.46313313696696,0.09004957246333842,3,0.15381114509002458,1.7094822544866162,65.07268965687213,6.763367664995194,8.319038774391785,5.790957861107174,7.726274984852882,0.0,7.327224397116886,9.293333792182327,0.0
musique,f1,F1,rrf_dense_hkvm,RRF dense+HKVM,58.419729640359826,0.09754260628238479,3,0.11040764848289086,1.6660787578794825,65.07268965687213,6.763367664995194,8.319038774391785,5.790957861107174,7.726274984852882,0.0,7.327224397116886,9.293333792182327,0.0
musique,f1,F1,rrf_dense_hkvm_bm25,RRF dense+HKVM+BM25,58.419729640359826,0.09754260628238479,3,0.11040764848289086,1.6660787578794825,65.07268965687213,6.763367664995194,8.319038774391785,5.790957861107174,7.726274984852882,0.0,7.327224397116886,9.293333792182327,0.0
musique,f1,F1,controller_dense_only,Controller dense-only,58.24722977227297,0.1616142259802113,3,-0.062092219603961496,1.49357888979263,65.07268965687213,6.763367664995194,8.319038774391785,5.790957861107174,7.726274984852882,0.0,7.327224397116886,9.293333792182327,0.0
musique,f1,F1,controller_hkvm_only,Controller HKVM-only,56.760098716813985,0.2499715647952821,3,-1.5492232750629498,0.006447834333641822,65.07268965687213,6.763367664995194,8.319038774391785,5.790957861107174,7.726274984852882,0.0,7.327224397116886,9.293333792182327,0.0
musique,f1,F1,controller_dense_hkvm,Controller dense+HKVM,65.07268965687213,0.377665834328344,3,6.763367664995194,8.319038774391785,65.07268965687213,6.763367664995194,8.319038774391785,5.790957861107174,7.726274984852882,0.0,7.327224397116886,9.293333792182327,0.0
musique,em,EM,colbertv2,ColBERTv2,57.75755068266446,0.0,3,0.0,1.5446145359260797,64.72210729554544,6.964556612880983,8.509171148807063,5.985381326713557,7.9440766790787425,0.0,7.51620466142601,9.502137636188111,0.0
musique,em,EM,calibrated_hkvm_topk4,Learned HKVM calibration,56.21293614673838,0.25354814937043346,3,-1.5446145359260797,0.0,64.72210729554544,6.964556612880983,8.509171148807063,5.985381326713557,7.9440766790787425,0.0,7.51620466142601,9.502137636188111,0.0
musique,em,EM,quota_dense3_hkvm2,Quota dense3+HKVM2,58.64018756033651,0.07032160410416319,3,0.8826368776720486,2.4272514135981282,64.72210729554544,6.964556612880983,8.509171148807063,5.985381326713557,7.9440766790787425,0.0,7.51620466142601,9.502137636188111,0.0
musique,em,EM,quota_dense4_hkvm1,Quota dense4+HKVM1,57.97820990208247,0.08501467387903544,3,0.22065921941801037,1.76527375534409,64.72210729554544,6.964556612880983,8.509171148807063,5.985381326713557,7.9440766790787425,0.0,7.51620466142601,9.502137636188111,0.0
musique,em,EM,rrf_dense_hkvm,RRF dense+HKVM,57.90925389601434,0.1186363986628434,3,0.15170321334988301,1.6963177492759627,64.72210729554544,6.964556612880983,8.509171148807063,5.985381326713557,7.9440766790787425,0.0,7.51620466142601,9.502137636188111,0.0
musique,em,EM,rrf_dense_hkvm_bm25,RRF dense+HKVM+BM25,57.90925389601434,0.1186363986628434,3,0.15170321334988301,1.6963177492759627,64.72210729554544,6.964556612880983,8.509171148807063,5.985381326713557,7.9440766790787425,0.0,7.51620466142601,9.502137636188111,0.0
musique,em,EM,controller_dense_only,Controller dense-only,57.75755068266446,0.14724973454739007,3,0.0,1.5446145359260797,64.72210729554544,6.964556612880983,8.509171148807063,5.985381326713557,7.9440766790787425,0.0,7.51620466142601,9.502137636188111,0.0
musique,em,EM,controller_hkvm_only,Controller HKVM-only,56.21293614673838,0.25354814937043346,3,-1.5446145359260797,0.0,64.72210729554544,6.964556612880983,8.509171148807063,5.985381326713557,7.9440766790787425,0.0,7.51620466142601,9.502137636188111,0.0
musique,em,EM,controller_dense_hkvm,Controller dense+HKVM,64.72210729554544,0.3450557441234803,3,6.964556612880983,8.509171148807063,64.72210729554544,6.964556612880983,8.509171148807063,5.985381326713557,7.9440766790787425,0.0,7.51620466142601,9.502137636188111,0.0
musique,all_recall@10,AR@10,colbertv2,ColBERTv2,49.31733553992553,0.0,3,0.0,-3.985657150737829,64.11529444214591,14.79795890222038,10.81230175148255,13.791201213625707,15.873672596883189,0.0,9.777961660460626,11.846986622534818,0.0
musique,all_recall@10,AR@10,calibrated_hkvm_topk4,Learned HKVM calibration,53.30299269066336,0.29125240769470173,3,3.985657150737829,0.0,64.11529444214591,14.79795890222038,10.81230175148255,13.791201213625707,15.873672596883189,0.0,9.777961660460626,11.846986622534818,0.0
musique,all_recall@10,AR@10,quota_dense3_hkvm2,Quota dense3+HKVM2,51.96524617294166,0.05851111139317829,3,2.6479106330161315,-1.3377465177216976,64.11529444214591,14.79795890222038,10.81230175148255,13.791201213625707,15.873672596883189,0.0,9.777961660460626,11.846986622534818,0.0
musique,all_recall@10,AR@10,quota_dense4_hkvm1,Quota dense4+HKVM1,51.30326851468763,0.05851111139317829,3,1.9859329747621004,-1.9997241759757287,64.11529444214591,14.79795890222038,10.81230175148255,13.791201213625707,15.873672596883189,0.0,9.777961660460626,11.846986622534818,0.0
musique,all_recall@10,AR@10,rrf_dense_hkvm,RRF dense+HKVM,62.94304233898772,0.1596446959424943,3,13.625706799062193,9.640049648324364,64.11529444214591,14.79795890222038,10.81230175148255,13.791201213625707,15.873672596883189,0.0,9.777961660460626,11.846986622534818,0.0
musique,all_recall@10,AR@10,rrf_dense_hkvm_bm25,RRF dense+HKVM+BM25,62.94304233898772,0.1596446959424943,3,13.625706799062193,9.640049648324364,64.11529444214591,14.79795890222038,10.81230175148255,13.791201213625707,15.873672596883189,0.0,9.777961660460626,11.846986622534818,0.0
musique,all_recall@10,AR@10,controller_dense_only,Controller dense-only,52.17211419114605,0.17553333417953154,3,2.8547786512205207,-1.1308784995173085,64.11529444214591,14.79795890222038,10.81230175148255,13.791201213625707,15.873672596883189,0.0,9.777961660460626,11.846986622534818,0.0
musique,all_recall@10,AR@10,controller_hkvm_only,Controller HKVM-only,58.64018756033651,0.5461037063363207,3,9.322852020410977,5.337194869673148,64.11529444214591,14.79795890222038,10.81230175148255,13.791201213625707,15.873672596883189,0.0,9.777961660460626,11.846986622534818,0.0
musique,all_recall@10,AR@10,controller_dense_hkvm,Controller dense+HKVM,64.11529444214591,0.30277890498000665,3,14.79795890222038,10.81230175148255,64.11529444214591,14.79795890222038,10.81230175148255,13.791201213625707,15.873672596883189,0.0,9.777961660460626,11.846986622534818,0.0
musique,all_recall@5,AR@5,colbertv2,ColBERTv2,27.678940835746793,0.0,3,0.0,-7.916149496621159,43.74569024962074,16.06674941387395,8.15059991725279,14.963453316783891,17.15625430975038,0.0,7.185215832298994,9.102192800992967,0.0
musique,all_recall@5,AR@5,calibrated_hkvm_topk4,Learned HKVM calibration,35.59509033236795,0.019503703797726098,3,7.916149496621159,0.0,43.74569024962074,16.06674941387395,8.15059991725279,14.963453316783891,17.15625430975038,0.0,7.185215832298994,9.102192800992967,0.0
musique,all_recall@5,AR@5,quota_dense3_hkvm2,Quota dense3+HKVM2,30.699213901530822,0.05851111139317662,3,3.0202730657840284,-4.895876430837131,43.74569024962074,16.06674941387395,8.15059991725279,14.963453316783891,17.15625430975038,0.0,7.185215832298994,9.102192800992967,0.0
musique,all_recall@5,AR@5,quota_dense4_hkvm1,Quota dense4+HKVM1,29.692456212936147,0.05160194989344768,3,2.0135153771893535,-5.902634119431806,43.74569024962074,16.06674941387395,8.15059991725279,14.963453316783891,17.15625430975038,0.0,7.185215832298994,9.102192800992967,0.0
musique,all_recall@5,AR@5,rrf_dense_hkvm,RRF dense+HKVM,33.08509171148807,0.2833076621731363,3,5.406150875741275,-2.509998620879884,43.74569024962074,16.06674941387395,8.15059991725279,14.963453316783891,17.15625430975038,0.0,7.185215832298994,9.102192800992967,0.0
musique,all_recall@5,AR@5,rrf_dense_hkvm_bm25,RRF dense+HKVM+BM25,33.08509171148807,0.2833076621731363,3,5.406150875741275,-2.509998620879884,43.74569024962074,16.06674941387395,8.15059991725279,14.963453316783891,17.15625430975038,0.0,7.185215832298994,9.102192800992967,0.0
musique,all_recall@5,AR@5,controller_dense_only,Controller dense-only,27.541028823610535,0.2171840538963395,3,-0.13791201213625826,-8.054061508757417,43.74569024962074,16.06674941387395,8.15059991725279,14.963453316783891,17.15625430975038,0.0,7.185215832298994,9.102192800992967,0.0
musique,all_recall@5,AR@5,controller_hkvm_only,Controller HKVM-only,35.553716728727075,0.039007407595452195,3,7.874775892980281,-0.04137360364087783,43.74569024962074,16.06674941387395,8.15059991725279,14.963453316783891,17.15625430975038,0.0,7.185215832298994,9.102192800992967,0.0
musique,all_recall@5,AR@5,controller_dense_hkvm,Controller dense+HKVM,43.74569024962074,0.4793310494271892,3,16.06674941387395,8.15059991725279,43.74569024962074,16.06674941387395,8.15059991725279,14.963453316783891,17.15625430975038,0.0,7.185215832298994,9.102192800992967,0.0
2wiki,f1,F1,colbertv2,ColBERTv2,77.76259809482275,0.0,3,0.0,-10.628628229850563,88.84614548665355,11.083547391830805,0.45491916198024285,10.739534662208888,11.436860955053916,0.0,0.3679902582574338,0.5421354382470794,0.0
2wiki,f1,F1,calibrated_hkvm_topk4,Learned HKVM calibration,88.39122632467331,0.09932670237050562,3,10.628628229850563,0.0,88.84614548665355,11.083547391830805,0.45491916198024285,10.739534662208888,11.436860955053916,0.0,0.3679902582574338,0.5421354382470794,0.0
2wiki,f1,F1,quota_dense3_hkvm2,Quota dense3+HKVM2,79.15356057158357,0.023312235808930715,3,1.3909624767608193,-9.237665753089743,88.84614548665355,11.083547391830805,0.45491916198024285,10.739534662208888,11.436860955053916,0.0,0.3679902582574338,0.5421354382470794,0.0
2wiki,f1,F1,quota_dense4_hkvm1,Quota dense4+HKVM1,78.13478904589411,0.009907961815366054,3,0.37219095107136013,-10.256437278779202,88.84614548665355,11.083547391830805,0.45491916198024285,10.739534662208888,11.436860955053916,0.0,0.3679902582574338,0.5421354382470794,0.0
2wiki,f1,F1,rrf_dense_hkvm,RRF dense+HKVM,86.56272859410723,0.10818357976620024,3,8.800130499284478,-1.8284977305660846,88.84614548665355,11.083547391830805,0.45491916198024285,10.739534662208888,11.436860955053916,0.0,0.3679902582574338,0.5421354382470794,0.0
2wiki,f1,F1,rrf_dense_hkvm_bm25,RRF dense+HKVM+BM25,86.56272859410723,0.10818357976620024,3,8.800130499284478,-1.8284977305660846,88.84614548665355,11.083547391830805,0.45491916198024285,10.739534662208888,11.436860955053916,0.0,0.3679902582574338,0.5421354382470794,0.0
2wiki,f1,F1,controller_dense_only,Controller dense-only,77.67871845955672,0.08850107187368475,3,-0.0838796352660296,-10.712507865116592,88.84614548665355,11.083547391830805,0.45491916198024285,10.739534662208888,11.436860955053916,0.0,0.3679902582574338,0.5421354382470794,0.0
2wiki,f1,F1,controller_hkvm_only,Controller HKVM-only,88.41508128650538,0.09932670237050664,3,10.652483191682634,0.023854961832071808,88.84614548665355,11.083547391830805,0.45491916198024285,10.739534662208888,11.436860955053916,0.0,0.3679902582574338,0.5421354382470794,0.0
2wiki,f1,F1,controller_dense_hkvm,Controller dense+HKVM,88.84614548665355,0.11046067182009019,3,11.083547391830805,0.45491916198024285,88.84614548665355,11.083547391830805,0.45491916198024285,10.739534662208888,11.436860955053916,0.0,0.3679902582574338,0.5421354382470794,0.0
2wiki,em,EM,colbertv2,ColBERTv2,77.19465648854961,0.0,3,0.0,-10.986535199321466,88.6582909245123,11.463634435962689,0.477099236641223,11.09520780322307,11.842663273960984,0.0,0.38963104325699743,0.5672179813401187,0.0
2wiki,em,EM,calibrated_hkvm_topk4,Learned HKVM calibration,88.18119168787108,0.10495647727535314,3,10.986535199321466,0.0,88.6582909245123,11.463634435962689,0.477099236641223,11.09520780322307,11.842663273960984,0.0,0.38963104325699743,0.5672179813401187,0.0
2wiki,em,EM,quota_dense3_hkvm2,Quota dense3+HKVM2,78.59679813401188,0.026239119318841635,3,1.4021416454622653,-9.5843935538592,88.6582909245123,11.463634435962689,0.477099236641223,11.09520780322307,11.842663273960984,0.0,0.38963104325699743,0.5672179813401187,0.0
2wiki,em,EM,quota_dense4_hkvm1,Quota dense4+HKVM1,77.56838422391857,0.006492498258012144,3,0.3737277353689592,-10.612807463952507,88.6582909245123,11.463634435962689,0.477099236641223,11.09520780322307,11.842663273960984,0.0,0.38963104325699743,0.5672179813401187,0.0
2wiki,em,EM,rrf_dense_hkvm,RRF dense+HKVM,86.23038592027142,0.1071426152004187,3,9.035729431721805,-1.950805767599661,88.6582909245123,11.463634435962689,0.477099236641223,11.09520780322307,11.842663273960984,0.0,0.38963104325699743,0.5672179813401187,0.0
2wiki,em,EM,rrf_dense_hkvm_bm25,RRF dense+HKVM+BM25,86.23038592027142,0.1071426152004187,3,9.035729431721805,-1.950805767599661,88.6582909245123,11.463634435962689,0.477099236641223,11.09520780322307,11.842663273960984,0.0,0.38963104325699743,0.5672179813401187,0.0
2wiki,em,EM,controller_dense_only,Controller dense-only,77.10718829516539,0.0901966684010475,3,-0.0874681933842254,-11.074003392705691,88.6582909245123,11.463634435962689,0.477099236641223,11.09520780322307,11.842663273960984,0.0,0.38963104325699743,0.5672179813401187,0.0
2wiki,em,EM,controller_hkvm_only,Controller HKVM-only,88.20504664970314,0.10495647727535935,3,11.010390161153524,0.023854961832057597,88.6582909245123,11.463634435962689,0.477099236641223,11.09520780322307,11.842663273960984,0.0,0.38963104325699743,0.5672179813401187,0.0
2wiki,em,EM,controller_dense_hkvm,Controller dense+HKVM,88.6582909245123,0.12272939888454616,3,11.463634435962689,0.477099236641223,88.6582909245123,11.463634435962689,0.477099236641223,11.09520780322307,11.842663273960984,0.0,0.38963104325699743,0.5672179813401187,0.0
2wiki,all_recall@10,AR@10,colbertv2,ColBERTv2,100.0,0.0,3,0.0,0.9701017811704844,100.0,0.0,0.9701017811704844,0.0,0.0,1.0,0.871965118744699,1.0708227311280747,0.0
2wiki,all_recall@10,AR@10,calibrated_hkvm_topk4,Learned HKVM calibration,99.02989821882952,0.07022710612538151,3,-0.9701017811704844,0.0,100.0,0.0,0.9701017811704844,0.0,0.0,1.0,0.871965118744699,1.0708227311280747,0.0
2wiki,all_recall@10,AR@10,quota_dense3_hkvm2,Quota dense3+HKVM2,100.0,0.0,3,0.0,0.9701017811704844,100.0,0.0,0.9701017811704844,0.0,0.0,1.0,0.871965118744699,1.0708227311280747,0.0
2wiki,all_recall@10,AR@10,quota_dense4_hkvm1,Quota dense4+HKVM1,100.0,0.0,3,0.0,0.9701017811704844,100.0,0.0,0.9701017811704844,0.0,0.0,1.0,0.871965118744699,1.0708227311280747,0.0
2wiki,all_recall@10,AR@10,rrf_dense_hkvm,RRF dense+HKVM,100.0,0.0,3,0.0,0.9701017811704844,100.0,0.0,0.9701017811704844,0.0,0.0,1.0,0.871965118744699,1.0708227311280747,0.0
2wiki,all_recall@10,AR@10,rrf_dense_hkvm_bm25,RRF dense+HKVM+BM25,100.0,0.0,3,0.0,0.9701017811704844,100.0,0.0,0.9701017811704844,0.0,0.0,1.0,0.871965118744699,1.0708227311280747,0.0
2wiki,all_recall@10,AR@10,controller_dense_only,Controller dense-only,100.0,0.0,3,0.0,0.9701017811704844,100.0,0.0,0.9701017811704844,0.0,0.0,1.0,0.871965118744699,1.0708227311280747,0.0
2wiki,all_recall@10,AR@10,controller_hkvm_only,Controller HKVM-only,100.0,0.0,3,0.0,0.9701017811704844,100.0,0.0,0.9701017811704844,0.0,0.0,1.0,0.871965118744699,1.0708227311280747,0.0
2wiki,all_recall@10,AR@10,controller_dense_hkvm,Controller dense+HKVM,100.0,0.0,3,0.0,0.9701017811704844,100.0,0.0,0.9701017811704844,0.0,0.0,1.0,0.871965118744699,1.0708227311280747,0.0
2wiki,all_recall@5,AR@5,colbertv2,ColBERTv2,64.11418575063614,0.0,3,0.0,-28.416560644614066,93.29940627650552,29.185220525869383,0.7686598812553171,28.686850614927906,29.683590436810857,0.0,0.6520356234096693,0.8880009541984724,0.0
2wiki,all_recall@5,AR@5,calibrated_hkvm_topk4,Learned HKVM calibration,92.5307463952502,0.1371644299505449,3,28.416560644614066,0.0,93.29940627650552,29.185220525869383,0.7686598812553171,28.686850614927906,29.683590436810857,0.0,0.6520356234096693,0.8880009541984724,0.0
2wiki,all_recall@5,AR@5,quota_dense3_hkvm2,Quota dense3+HKVM2,65.94571670907548,0.04322918371050567,3,1.8315309584393447,-26.58502968617472,93.29940627650552,29.185220525869383,0.7686598812553171,28.686850614927906,29.683590436810857,0.0,0.6520356234096693,0.8880009541984724,0.0
2wiki,all_recall@5,AR@5,quota_dense4_hkvm1,Quota dense4+HKVM1,64.88019508057675,0.01351521287530162,3,0.7660093299406157,-27.65055131467345,93.29940627650552,29.185220525869383,0.7686598812553171,28.686850614927906,29.683590436810857,0.0,0.6520356234096693,0.8880009541984724,0.0
2wiki,all_recall@5,AR@5,rrf_dense_hkvm,RRF dense+HKVM,82.00010602205258,0.13374126178480378,3,17.88592027141644,-10.530640373197627,93.29940627650552,29.185220525869383,0.7686598812553171,28.686850614927906,29.683590436810857,0.0,0.6520356234096693,0.8880009541984724,0.0
2wiki,all_recall@5,AR@5,rrf_dense_hkvm_bm25,RRF dense+HKVM+BM25,82.00010602205258,0.13374126178480378,3,17.88592027141644,-10.530640373197627,93.29940627650552,29.185220525869383,0.7686598812553171,28.686850614927906,29.683590436810857,0.0,0.6520356234096693,0.8880009541984724,0.0
2wiki,all_recall@5,AR@5,controller_dense_only,Controller dense-only,63.98960983884648,0.13716442995054395,3,-0.12457591178966254,-28.54113655640373,93.29940627650552,29.185220525869383,0.7686598812553171,28.686850614927906,29.683590436810857,0.0,0.6520356234096693,0.8880009541984724,0.0
2wiki,all_recall@5,AR@5,controller_hkvm_only,Controller HKVM-only,92.55460135708228,0.1371644299505503,3,28.440415606446138,0.023854961832071808,93.29940627650552,29.185220525869383,0.7686598812553171,28.686850614927906,29.683590436810857,0.0,0.6520356234096693,0.8880009541984724,0.0
2wiki,all_recall@5,AR@5,controller_dense_hkvm,Controller dense+HKVM,93.29940627650552,0.1582803077484491,3,29.185220525869383,0.7686598812553171,93.29940627650552,29.185220525869383,0.7686598812553171,28.686850614927906,29.683590436810857,0.0,0.6520356234096693,0.8880009541984724,0.0
hotpotqa,f1,F1,colbertv2,ColBERTv2,79.84400128960641,0.0,3,0.0,-3.0850907538956136,85.80995577899812,5.965954489391706,2.880863735496092,5.49103168302704,6.452143377072066,0.0,2.554894289129692,3.201222820207591,0.0
hotpotqa,f1,F1,calibrated_hkvm_topk4,Learned HKVM calibration,82.92909204350202,0.09222155096665813,3,3.0850907538956136,0.0,85.80995577899812,5.965954489391706,2.880863735496092,5.49103168302704,6.452143377072066,0.0,2.554894289129692,3.201222820207591,0.0
hotpotqa,f1,F1,quota_dense3_hkvm2,Quota dense3+HKVM2,80.91829878794172,0.024328679834976222,3,1.0742974983353122,-2.0107932555603014,85.80995577899812,5.965954489391706,2.880863735496092,5.49103168302704,6.452143377072066,0.0,2.554894289129692,3.201222820207591,0.0
hotpotqa,f1,F1,quota_dense4_hkvm1,Quota dense4+HKVM1,80.87328415818705,0.026878793292907023,3,1.029282868580637,-2.0558078853149766,85.80995577899812,5.965954489391706,2.880863735496092,5.49103168302704,6.452143377072066,0.0,2.554894289129692,3.201222820207591,0.0
hotpotqa,f1,F1,rrf_dense_hkvm,RRF dense+HKVM,83.22328358482389,0.091211998043873,3,3.379282295217479,0.2941915413218652,85.80995577899812,5.965954489391706,2.880863735496092,5.49103168302704,6.452143377072066,0.0,2.554894289129692,3.201222820207591,0.0
hotpotqa,f1,F1,rrf_dense_hkvm_bm25,RRF dense+HKVM+BM25,83.22328358482389,0.091211998043873,3,3.379282295217479,0.2941915413218652,85.80995577899812,5.965954489391706,2.880863735496092,5.49103168302704,6.452143377072066,0.0,2.554894289129692,3.201222820207591,0.0
hotpotqa,f1,F1,controller_dense_only,Controller dense-only,79.90938620459926,0.11646721060590076,3,0.0653849149928476,-3.019705838902766,85.80995577899812,5.965954489391706,2.880863735496092,5.49103168302704,6.452143377072066,0.0,2.554894289129692,3.201222820207591,0.0
hotpotqa,f1,F1,controller_hkvm_only,Controller HKVM-only,82.92909204350202,0.09222155096665813,3,3.0850907538956136,0.0,85.80995577899812,5.965954489391706,2.880863735496092,5.49103168302704,6.452143377072066,0.0,2.554894289129692,3.201222820207591,0.0
hotpotqa,f1,F1,controller_dense_hkvm,Controller dense+HKVM,85.80995577899812,0.12129080936185492,3,5.965954489391706,2.880863735496092,85.80995577899812,5.965954489391706,2.880863735496092,5.49103168302704,6.452143377072066,0.0,2.554894289129692,3.201222820207591,0.0
hotpotqa,em,EM,colbertv2,ColBERTv2,79.63538149898717,0.0,3,0.0,-3.0699977492685093,85.62682871933379,5.991447220346615,2.9214494710781054,5.509790681971641,6.482106684672519,0.0,2.5793382849426063,3.2545577312626603,0.0
hotpotqa,em,EM,calibrated_hkvm_topk4,Learned HKVM calibration,82.70537924825568,0.08912441986596388,3,3.0699977492685093,0.0,85.62682871933379,5.991447220346615,2.9214494710781054,5.509790681971641,6.482106684672519,0.0,2.5793382849426063,3.2545577312626603,0.0
hotpotqa,em,EM,quota_dense3_hkvm2,Quota dense3+HKVM2,80.7112311501238,0.02295304755162506,3,1.0758496511366218,-1.9941480981318875,85.62682871933379,5.991447220346615,2.9214494710781054,5.509790681971641,6.482106684672519,0.0,2.5793382849426063,3.2545577312626603,0.0
hotpotqa,em,EM,quota_dense4_hkvm1,Quota dense4+HKVM1,80.66621652036912,0.025464119961700685,3,1.0308350213819466,-2.0391627278865627,85.62682871933379,5.991447220346615,2.9214494710781054,5.509790681971641,6.482106684672519,0.0,2.5793382849426063,3.2545577312626603,0.0
hotpotqa,em,EM,rrf_dense_hkvm,RRF dense+HKVM,83.03398604546477,0.09247192700506243,3,3.3986045464776,0.3286067972090905,85.62682871933379,5.991447220346615,2.9214494710781054,5.509790681971641,6.482106684672519,0.0,2.5793382849426063,3.2545577312626603,0.0
hotpotqa,em,EM,rrf_dense_hkvm_bm25,RRF dense+HKVM+BM25,83.03398604546477,0.09247192700506243,3,3.3986045464776,0.3286067972090905,85.62682871933379,5.991447220346615,2.9214494710781054,5.509790681971641,6.482106684672519,0.0,2.5793382849426063,3.2545577312626603,0.0
hotpotqa,em,EM,controller_dense_only,Controller dense-only,79.67139320279091,0.1126265676632591,3,0.036011703803737305,-3.033986045464772,85.62682871933379,5.991447220346615,2.9214494710781054,5.509790681971641,6.482106684672519,0.0,2.5793382849426063,3.2545577312626603,0.0
hotpotqa,em,EM,controller_hkvm_only,Controller HKVM-only,82.70537924825568,0.08912441986596388,3,3.0699977492685093,0.0,85.62682871933379,5.991447220346615,2.9214494710781054,5.509790681971641,6.482106684672519,0.0,2.5793382849426063,3.2545577312626603,0.0
hotpotqa,em,EM,controller_dense_hkvm,Controller dense+HKVM,85.62682871933379,0.1268422489633632,3,5.991447220346615,2.9214494710781054,85.62682871933379,5.991447220346615,2.9214494710781054,5.509790681971641,6.482106684672519,0.0,2.5793382849426063,3.2545577312626603,0.0
hotpotqa,all_recall@10,AR@10,colbertv2,ColBERTv2,100.0,0.0,3,0.0,3.5606572135944248,100.0,0.0,3.5606572135944248,0.0,0.0,1.0,3.3220796758946656,3.817240603196039,0.0
hotpotqa,all_recall@10,AR@10,calibrated_hkvm_topk4,Learned HKVM calibration,96.43934278640558,0.02774888139981483,3,-3.5606572135944248,0.0,100.0,0.0,3.5606572135944248,0.0,0.0,1.0,3.3220796758946656,3.817240603196039,0.0
hotpotqa,all_recall@10,AR@10,quota_dense3_hkvm2,Quota dense3+HKVM2,100.0,0.0,3,0.0,3.5606572135944248,100.0,0.0,3.5606572135944248,0.0,0.0,1.0,3.3220796758946656,3.817240603196039,0.0
hotpotqa,all_recall@10,AR@10,quota_dense4_hkvm1,Quota dense4+HKVM1,100.0,0.0,3,0.0,3.5606572135944248,100.0,0.0,3.5606572135944248,0.0,0.0,1.0,3.3220796758946656,3.817240603196039,0.0
hotpotqa,all_recall@10,AR@10,rrf_dense_hkvm,RRF dense+HKVM,100.0,0.0,3,0.0,3.5606572135944248,100.0,0.0,3.5606572135944248,0.0,0.0,1.0,3.3220796758946656,3.817240603196039,0.0
hotpotqa,all_recall@10,AR@10,rrf_dense_hkvm_bm25,RRF dense+HKVM+BM25,100.0,0.0,3,0.0,3.5606572135944248,100.0,0.0,3.5606572135944248,0.0,0.0,1.0,3.3220796758946656,3.817240603196039,0.0
hotpotqa,all_recall@10,AR@10,controller_dense_only,Controller dense-only,100.0,0.0,3,0.0,3.5606572135944248,100.0,0.0,3.5606572135944248,0.0,0.0,1.0,3.3220796758946656,3.817240603196039,0.0
hotpotqa,all_recall@10,AR@10,controller_hkvm_only,Controller HKVM-only,100.0,0.0,3,0.0,3.5606572135944248,100.0,0.0,3.5606572135944248,0.0,0.0,1.0,3.3220796758946656,3.817240603196039,0.0
hotpotqa,all_recall@10,AR@10,controller_dense_hkvm,Controller dense+HKVM,100.0,0.0,3,0.0,3.5606572135944248,100.0,0.0,3.5606572135944248,0.0,0.0,1.0,3.3220796758946656,3.817240603196039,0.0
hotpotqa,all_recall@5,AR@5,colbertv2,ColBERTv2,68.19716407832546,0.0,3,0.0,-5.901417960837264,79.77942831420212,11.582264235876664,5.6808462750394,10.934053567409409,12.234976367319378,0.0,5.239702903443619,6.1309925725860905,0.0
hotpotqa,all_recall@5,AR@5,calibrated_hkvm_topk4,Learned HKVM calibration,74.09858203916272,0.0902540520178441,3,5.901417960837264,0.0,79.77942831420212,11.582264235876664,5.6808462750394,10.934053567409409,12.234976367319378,0.0,5.239702903443619,6.1309925725860905,0.0
hotpotqa,all_recall@5,AR@5,quota_dense3_hkvm2,Quota dense3+HKVM2,71.40670717983345,0.03544455491340183,3,3.2095431015079896,-2.6918748593292747,79.77942831420212,11.582264235876664,5.6808462750394,10.934053567409409,12.234976367319378,0.0,5.239702903443619,6.1309925725860905,0.0
hotpotqa,all_recall@5,AR@5,quota_dense4_hkvm1,Quota dense4+HKVM1,71.37519693900518,0.04174485030607796,3,3.1780328606797212,-2.723385100157543,79.77942831420212,11.582264235876664,5.6808462750394,10.934053567409409,12.234976367319378,0.0,5.239702903443619,6.1309925725860905,0.0
hotpotqa,all_recall@5,AR@5,rrf_dense_hkvm,RRF dense+HKVM,75.93517893315328,0.12278353992335307,3,7.738014854827824,1.83659689399056,79.77942831420212,11.582264235876664,5.6808462750394,10.934053567409409,12.234976367319378,0.0,5.239702903443619,6.1309925725860905,0.0
hotpotqa,all_recall@5,AR@5,rrf_dense_hkvm_bm25,RRF dense+HKVM+BM25,75.93517893315328,0.12278353992335307,3,7.738014854827824,1.83659689399056,79.77942831420212,11.582264235876664,5.6808462750394,10.934053567409409,12.234976367319378,0.0,5.239702903443619,6.1309925725860905,0.0
hotpotqa,all_recall@5,AR@5,controller_dense_only,Controller dense-only,67.4004051316678,0.09612494487536322,3,-0.7967589466576612,-6.698176907494926,79.77942831420212,11.582264235876664,5.6808462750394,10.934053567409409,12.234976367319378,0.0,5.239702903443619,6.1309925725860905,0.0
hotpotqa,all_recall@5,AR@5,controller_hkvm_only,Controller HKVM-only,74.09858203916272,0.0902540520178441,3,5.901417960837264,0.0,79.77942831420212,11.582264235876664,5.6808462750394,10.934053567409409,12.234976367319378,0.0,5.239702903443619,6.1309925725860905,0.0
hotpotqa,all_recall@5,AR@5,controller_dense_hkvm,Controller dense+HKVM,79.77942831420212,0.3251041203739395,3,11.582264235876664,5.6808462750394,79.77942831420212,11.582264235876664,5.6808462750394,10.934053567409409,12.234976367319378,0.0,5.239702903443619,6.1309925725860905,0.0
